1592729721507,34,http://localhost/JForum/user/login.page,200,HTTP/1.1 200,Thread Group 1-1,text,true,5991,1,1,34
1592729721556,14,http://localhost/JForum/ping_session.jsp,200,HTTP/1.1 200,Thread Group 1-1,text,true,327,1,1,14
1592729721572,30,http://localhost/JForum/jforum.page;jsessionid=B235FCFD1F4324707783CB686AC767FB,200,HTTP/1.1 200,Thread Group 1-1,text,true,9934,1,1,29
1592729721604,1,http://localhost/JForum/ping_session.jsp,200,HTTP/1.1 200,Thread Group 1-1,text,true,327,1,1,1
1592729721606,10,http://localhost/JForum/forums/show/1.page,200,HTTP/1.1 200,Thread Group 1-1,text,true,14840,1,1,7
1592729721618,4,http://localhost/JForum/ping_session.jsp,200,HTTP/1.1 200,Thread Group 1-1,text,true,327,1,1,4
1592729721624,18,http://localhost/JForum/jforum.page,200,HTTP/1.1 200,Thread Group 1-1,text,true,26105,1,1,10
1592729721643,21,http://localhost/JForum/ping_session.jsp,200,HTTP/1.1 200,Thread Group 1-1,text,true,327,1,1,21
1592729721666,77,http://localhost/JForum/jforum.page,200,HTTP/1.1 200,Thread Group 1-1,text,true,14804,1,1,75
1592729721745,1,http://localhost/JForum/ping_session.jsp,200,HTTP/1.1 200,Thread Group 1-1,text,true,327,1,1,1
1592729721748,5,http://localhost/JForum/ping_session.jsp,200,HTTP/1.1 200,Thread Group 1-1,text,true,327,1,1,5
1592729723492,14,http://localhost/JForum/user/login.page,200,HTTP/1.1 200,Thread Group 1-2,text,true,5991,1,1,14
1592729723511,4,http://localhost/JForum/ping_session.jsp,200,HTTP/1.1 200,Thread Group 1-2,text,true,327,1,1,4
1592729723519,36,http://localhost/JForum/jforum.page;jsessionid=B235FCFD1F4324707783CB686AC767FB,200,HTTP/1.1 200,Thread Group 1-2,text,true,9935,1,1,32
1592729723558,4,http://localhost/JForum/ping_session.jsp,200,HTTP/1.1 200,Thread Group 1-2,text,true,327,1,1,4
1592729723566,25,http://localhost/JForum/forums/show/1.page,200,HTTP/1.1 200,Thread Group 1-2,text,true,15926,1,1,21
1592729723594,8,http://localhost/JForum/ping_session.jsp,200,HTTP/1.1 200,Thread Group 1-2,text,true,327,1,1,8
1592729723605,29,http://localhost/JForum/jforum.page,200,HTTP/1.1 200,Thread Group 1-2,text,true,26105,1,1,24
1592729723637,27,http://localhost/JForum/ping_session.jsp,200,HTTP/1.1 200,Thread Group 1-2,text,true,327,1,1,27
1592729723667,69,http://localhost/JForum/jforum.page,200,HTTP/1.1 200,Thread Group 1-2,text,true,14804,1,1,67
1592729723737,2,http://localhost/JForum/ping_session.jsp,200,HTTP/1.1 200,Thread Group 1-2,text,true,327,1,1,2
1592729723740,1,http://localhost/JForum/ping_session.jsp,200,HTTP/1.1 200,Thread Group 1-2,text,true,327,1,1,1
1592729725498,12,http://localhost/JForum/user/login.page,200,HTTP/1.1 200,Thread Group 1-3,text,true,5991,1,1,11
1592729725515,4,http://localhost/JForum/ping_session.jsp,200,HTTP/1.1 200,Thread Group 1-3,text,true,327,1,1,4
1592729725525,58,http://localhost/JForum/jforum.page;jsessionid=B235FCFD1F4324707783CB686AC767FB,200,HTTP/1.1 200,Thread Group 1-3,text,true,9935,1,1,56
1592729725590,8,http://localhost/JForum/ping_session.jsp,200,HTTP/1.1 200,Thread Group 1-3,text,true,327,1,1,8
1592729725601,30,http://localhost/JForum/forums/show/1.page,200,HTTP/1.1 200,Thread Group 1-3,text,true,17012,1,1,17
1592729725637,3,http://localhost/JForum/ping_session.jsp,200,HTTP/1.1 200,Thread Group 1-3,text,true,327,1,1,3
1592729725644,37,http://localhost/JForum/jforum.page,200,HTTP/1.1 200,Thread Group 1-3,text,true,26105,1,1,26
1592729725686,6,http://localhost/JForum/ping_session.jsp,200,HTTP/1.1 200,Thread Group 1-3,text,true,327,1,1,6
1592729725695,98,http://localhost/JForum/jforum.page,200,HTTP/1.1 200,Thread Group 1-3,text,true,14804,1,1,95
1592729725796,2,http://localhost/JForum/ping_session.jsp,200,HTTP/1.1 200,Thread Group 1-3,text,true,327,1,1,2
1592729725800,5,http://localhost/JForum/ping_session.jsp,200,HTTP/1.1 200,Thread Group 1-3,text,true,327,1,1,5
1592729727497,3,http://localhost/JForum/user/login.page,200,HTTP/1.1 200,Thread Group 1-4,text,true,5991,1,1,3
1592729727508,1,http://localhost/JForum/ping_session.jsp,200,HTTP/1.1 200,Thread Group 1-4,text,true,327,1,1,1
1592729727523,13,http://localhost/JForum/jforum.page;jsessionid=B235FCFD1F4324707783CB686AC767FB,200,HTTP/1.1 200,Thread Group 1-4,text,true,9935,1,1,13
1592729727544,2,http://localhost/JForum/ping_session.jsp,200,HTTP/1.1 200,Thread Group 1-4,text,true,327,1,1,2
1592729727554,6,http://localhost/JForum/forums/show/1.page,200,HTTP/1.1 200,Thread Group 1-4,text,true,18098,1,1,4
1592729727568,2,http://localhost/JForum/ping_session.jsp,200,HTTP/1.1 200,Thread Group 1-4,text,true,327,1,1,2
1592729727576,18,http://localhost/JForum/jforum.page,200,HTTP/1.1 200,Thread Group 1-4,text,true,26105,1,1,11
1592729727602,2,http://localhost/JForum/ping_session.jsp,200,HTTP/1.1 200,Thread Group 1-4,text,true,327,1,1,2
1592729727612,41,http://localhost/JForum/jforum.page,200,HTTP/1.1 200,Thread Group 1-4,text,true,14804,1,1,39
1592729727661,1,http://localhost/JForum/ping_session.jsp,200,HTTP/1.1 200,Thread Group 1-4,text,true,327,1,1,1
1592729727673,1,http://localhost/JForum/ping_session.jsp,200,HTTP/1.1 200,Thread Group 1-4,text,true,327,1,1,1
1592729729496,12,http://localhost/JForum/user/login.page,200,HTTP/1.1 200,Thread Group 1-5,text,true,5991,1,1,12
1592729729543,3,http://localhost/JForum/ping_session.jsp,200,HTTP/1.1 200,Thread Group 1-5,text,true,327,1,1,3
1592729729590,35,http://localhost/JForum/jforum.page;jsessionid=B235FCFD1F4324707783CB686AC767FB,200,HTTP/1.1 200,Thread Group 1-5,text,true,9938,1,1,33
1592729729655,11,http://localhost/JForum/ping_session.jsp,200,HTTP/1.1 200,Thread Group 1-5,text,true,327,1,1,11
1592729729690,21,http://localhost/JForum/forums/show/1.page,200,HTTP/1.1 200,Thread Group 1-5,text,true,19184,1,1,16
1592729729728,2,http://localhost/JForum/ping_session.jsp,200,HTTP/1.1 200,Thread Group 1-5,text,true,327,1,1,2
1592729729751,29,http://localhost/JForum/jforum.page,200,HTTP/1.1 200,Thread Group 1-5,text,true,26105,1,1,19
1592729729800,5,http://localhost/JForum/ping_session.jsp,200,HTTP/1.1 200,Thread Group 1-5,text,true,327,1,1,5
1592729729822,133,http://localhost/JForum/jforum.page,200,HTTP/1.1 200,Thread Group 1-5,text,true,14804,1,1,130
1592729729972,3,http://localhost/JForum/ping_session.jsp,200,HTTP/1.1 200,Thread Group 1-5,text,true,327,1,1,3
1592729729991,2,http://localhost/JForum/ping_session.jsp,200,HTTP/1.1 200,Thread Group 1-5,text,true,327,1,1,2
1592729731498,8,http://localhost/JForum/user/login.page,200,HTTP/1.1 200,Thread Group 1-6,text,true,5991,1,1,8
1592729731528,3,http://localhost/JForum/ping_session.jsp,200,HTTP/1.1 200,Thread Group 1-6,text,true,327,1,1,3
1592729731550,30,http://localhost/JForum/jforum.page;jsessionid=B235FCFD1F4324707783CB686AC767FB,200,HTTP/1.1 200,Thread Group 1-6,text,true,9938,1,1,29
1592729731597,5,http://localhost/JForum/ping_session.jsp,200,HTTP/1.1 200,Thread Group 1-6,text,true,327,1,1,5
1592729731627,18,http://localhost/JForum/forums/show/1.page,200,HTTP/1.1 200,Thread Group 1-6,text,true,20270,1,1,9
1592729731664,8,http://localhost/JForum/ping_session.jsp,200,HTTP/1.1 200,Thread Group 1-6,text,true,327,1,1,8
1592729731692,36,http://localhost/JForum/jforum.page,200,HTTP/1.1 200,Thread Group 1-6,text,true,26105,1,1,32
1592729731748,5,http://localhost/JForum/ping_session.jsp,200,HTTP/1.1 200,Thread Group 1-6,text,true,327,1,1,5
1592729731770,82,http://localhost/JForum/jforum.page,200,HTTP/1.1 200,Thread Group 1-6,text,true,14815,1,1,81
1592729731865,1,http://localhost/JForum/ping_session.jsp,200,HTTP/1.1 200,Thread Group 1-6,text,true,327,1,1,1
1592729731874,1,http://localhost/JForum/ping_session.jsp,200,HTTP/1.1 200,Thread Group 1-6,text,true,327,1,1,1
1592729733497,7,http://localhost/JForum/user/login.page,200,HTTP/1.1 200,Thread Group 1-7,text,true,5991,1,1,7
1592729733525,3,http://localhost/JForum/ping_session.jsp,200,HTTP/1.1 200,Thread Group 1-7,text,true,327,1,1,3
1592729733554,36,http://localhost/JForum/jforum.page;jsessionid=B235FCFD1F4324707783CB686AC767FB,200,HTTP/1.1 200,Thread Group 1-7,text,true,9943,1,1,35
1592729733609,3,http://localhost/JForum/ping_session.jsp,200,HTTP/1.1 200,Thread Group 1-7,text,true,327,1,1,3
1592729733631,25,http://localhost/JForum/forums/show/1.page,200,HTTP/1.1 200,Thread Group 1-7,text,true,21359,1,1,11
1592729733679,5,http://localhost/JForum/ping_session.jsp,200,HTTP/1.1 200,Thread Group 1-7,text,true,327,1,1,5
1592729733702,27,http://localhost/JForum/jforum.page,200,HTTP/1.1 200,Thread Group 1-7,text,true,26105,1,1,18
1592729733750,3,http://localhost/JForum/ping_session.jsp,200,HTTP/1.1 200,Thread Group 1-7,text,true,327,1,1,3
1592729733778,120,http://localhost/JForum/jforum.page,200,HTTP/1.1 200,Thread Group 1-7,text,true,14815,1,1,118
1592729733905,2,http://localhost/JForum/ping_session.jsp,200,HTTP/1.1 200,Thread Group 1-7,text,true,327,1,1,2
1592729733913,2,http://localhost/JForum/ping_session.jsp,200,HTTP/1.1 200,Thread Group 1-7,text,true,327,1,1,2
1592729735495,9,http://localhost/JForum/user/login.page,200,HTTP/1.1 200,Thread Group 1-8,text,true,5991,1,1,9
1592729735523,3,http://localhost/JForum/ping_session.jsp,200,HTTP/1.1 200,Thread Group 1-8,text,true,327,1,1,3
1592729735547,28,http://localhost/JForum/jforum.page;jsessionid=B235FCFD1F4324707783CB686AC767FB,200,HTTP/1.1 200,Thread Group 1-8,text,true,9943,1,1,28
1592729735595,4,http://localhost/JForum/ping_session.jsp,200,HTTP/1.1 200,Thread Group 1-8,text,true,327,1,1,4
1592729735617,10,http://localhost/JForum/forums/show/1.page,200,HTTP/1.1 200,Thread Group 1-8,text,true,22448,1,1,6
1592729735645,3,http://localhost/JForum/ping_session.jsp,200,HTTP/1.1 200,Thread Group 1-8,text,true,327,1,1,3
1592729735666,21,http://localhost/JForum/jforum.page,200,HTTP/1.1 200,Thread Group 1-8,text,true,26105,1,1,16
1592729735705,7,http://localhost/JForum/ping_session.jsp,200,HTTP/1.1 200,Thread Group 1-8,text,true,327,1,1,7
1592729735728,181,http://localhost/JForum/jforum.page,200,HTTP/1.1 200,Thread Group 1-8,text,true,14815,1,1,177
1592729735925,2,http://localhost/JForum/ping_session.jsp,200,HTTP/1.1 200,Thread Group 1-8,text,true,327,1,1,2
1592729735944,5,http://localhost/JForum/ping_session.jsp,200,HTTP/1.1 200,Thread Group 1-8,text,true,327,1,1,5
1592729737498,8,http://localhost/JForum/user/login.page,200,HTTP/1.1 200,Thread Group 1-9,text,true,5991,1,1,8
1592729737536,3,http://localhost/JForum/ping_session.jsp,200,HTTP/1.1 200,Thread Group 1-9,text,true,327,1,1,3
1592729737554,13,http://localhost/JForum/jforum.page;jsessionid=B235FCFD1F4324707783CB686AC767FB,200,HTTP/1.1 200,Thread Group 1-9,text,true,9943,1,1,13
1592729737575,1,http://localhost/JForum/ping_session.jsp,200,HTTP/1.1 200,Thread Group 1-9,text,true,327,1,1,1
1592729737584,7,http://localhost/JForum/forums/show/1.page,200,HTTP/1.1 200,Thread Group 1-9,text,true,23537,1,1,4
1592729737604,2,http://localhost/JForum/ping_session.jsp,200,HTTP/1.1 200,Thread Group 1-9,text,true,327,1,1,2
1592729737619,17,http://localhost/JForum/jforum.page,200,HTTP/1.1 200,Thread Group 1-9,text,true,26105,1,1,11
1592729737648,4,http://localhost/JForum/ping_session.jsp,200,HTTP/1.1 200,Thread Group 1-9,text,true,327,1,1,4
1592729737664,76,http://localhost/JForum/jforum.page,200,HTTP/1.1 200,Thread Group 1-9,text,true,14815,1,1,74
1592729737750,9,http://localhost/JForum/ping_session.jsp,200,HTTP/1.1 200,Thread Group 1-9,text,true,327,1,1,9
1592729737771,2,http://localhost/JForum/ping_session.jsp,200,HTTP/1.1 200,Thread Group 1-9,text,true,327,1,1,2
1592729739499,8,http://localhost/JForum/user/login.page,200,HTTP/1.1 200,Thread Group 1-10,text,true,5991,1,1,7
1592729739525,2,http://localhost/JForum/ping_session.jsp,200,HTTP/1.1 200,Thread Group 1-10,text,true,327,1,1,2
1592729739546,37,http://localhost/JForum/jforum.page;jsessionid=B235FCFD1F4324707783CB686AC767FB,200,HTTP/1.1 200,Thread Group 1-10,text,true,9943,1,1,36
1592729739603,3,http://localhost/JForum/ping_session.jsp,200,HTTP/1.1 200,Thread Group 1-10,text,true,327,1,1,3
1592729739624,19,http://localhost/JForum/forums/show/1.page,200,HTTP/1.1 200,Thread Group 1-10,text,true,24626,1,1,12
1592729739661,6,http://localhost/JForum/ping_session.jsp,200,HTTP/1.1 200,Thread Group 1-10,text,true,327,1,1,6
1592729739689,27,http://localhost/JForum/jforum.page,200,HTTP/1.1 200,Thread Group 1-10,text,true,26105,1,1,17
1592729739733,3,http://localhost/JForum/ping_session.jsp,200,HTTP/1.1 200,Thread Group 1-10,text,true,327,1,1,2
1592729739756,123,http://localhost/JForum/jforum.page,200,HTTP/1.1 200,Thread Group 1-10,text,true,14815,1,1,121
1592729739887,1,http://localhost/JForum/ping_session.jsp,200,HTTP/1.1 200,Thread Group 1-10,text,true,327,1,1,1
1592729739894,2,http://localhost/JForum/ping_session.jsp,200,HTTP/1.1 200,Thread Group 1-10,text,true,327,1,1,2
